name,type,direction,description
feat_0000,float,,MolPMoFiT last hidden state (dimension 0)
feat_0001,float,,MolPMoFiT last hidden state (dimension 1)
feat_0002,float,,MolPMoFiT last hidden state (dimension 2)
feat_0003,float,,MolPMoFiT last hidden state (dimension 3)
feat_0004,float,,MolPMoFiT last hidden state (dimension 4)
feat_0005,float,,MolPMoFiT last hidden state (dimension 5)
feat_0006,float,,MolPMoFiT last hidden state (dimension 6)
feat_0007,float,,MolPMoFiT last hidden state (dimension 7)
feat_0008,float,,MolPMoFiT last hidden state (dimension 8)
feat_0009,float,,MolPMoFiT last hidden state (dimension 9)
feat_0010,float,,MolPMoFiT last hidden state (dimension 10)
feat_0011,float,,MolPMoFiT last hidden state (dimension 11)
feat_0012,float,,MolPMoFiT last hidden state (dimension 12)
feat_0013,float,,MolPMoFiT last hidden state (dimension 13)
feat_0014,float,,MolPMoFiT last hidden state (dimension 14)
feat_0015,float,,MolPMoFiT last hidden state (dimension 15)
feat_0016,float,,MolPMoFiT last hidden state (dimension 16)
feat_0017,float,,MolPMoFiT last hidden state (dimension 17)
feat_0018,float,,MolPMoFiT last hidden state (dimension 18)
feat_0019,float,,MolPMoFiT last hidden state (dimension 19)
feat_0020,float,,MolPMoFiT last hidden state (dimension 20)
feat_0021,float,,MolPMoFiT last hidden state (dimension 21)
feat_0022,float,,MolPMoFiT last hidden state (dimension 22)
feat_0023,float,,MolPMoFiT last hidden state (dimension 23)
feat_0024,float,,MolPMoFiT last hidden state (dimension 24)
feat_0025,float,,MolPMoFiT last hidden state (dimension 25)
feat_0026,float,,MolPMoFiT last hidden state (dimension 26)
feat_0027,float,,MolPMoFiT last hidden state (dimension 27)
feat_0028,float,,MolPMoFiT last hidden state (dimension 28)
feat_0029,float,,MolPMoFiT last hidden state (dimension 29)
feat_0030,float,,MolPMoFiT last hidden state (dimension 30)
feat_0031,float,,MolPMoFiT last hidden state (dimension 31)
feat_0032,float,,MolPMoFiT last hidden state (dimension 32)
feat_0033,float,,MolPMoFiT last hidden state (dimension 33)
feat_0034,float,,MolPMoFiT last hidden state (dimension 34)
feat_0035,float,,MolPMoFiT last hidden state (dimension 35)
feat_0036,float,,MolPMoFiT last hidden state (dimension 36)
feat_0037,float,,MolPMoFiT last hidden state (dimension 37)
feat_0038,float,,MolPMoFiT last hidden state (dimension 38)
feat_0039,float,,MolPMoFiT last hidden state (dimension 39)
feat_0040,float,,MolPMoFiT last hidden state (dimension 40)
feat_0041,float,,MolPMoFiT last hidden state (dimension 41)
feat_0042,float,,MolPMoFiT last hidden state (dimension 42)
feat_0043,float,,MolPMoFiT last hidden state (dimension 43)
feat_0044,float,,MolPMoFiT last hidden state (dimension 44)
feat_0045,float,,MolPMoFiT last hidden state (dimension 45)
feat_0046,float,,MolPMoFiT last hidden state (dimension 46)
feat_0047,float,,MolPMoFiT last hidden state (dimension 47)
feat_0048,float,,MolPMoFiT last hidden state (dimension 48)
feat_0049,float,,MolPMoFiT last hidden state (dimension 49)
feat_0050,float,,MolPMoFiT last hidden state (dimension 50)
feat_0051,float,,MolPMoFiT last hidden state (dimension 51)
feat_0052,float,,MolPMoFiT last hidden state (dimension 52)
feat_0053,float,,MolPMoFiT last hidden state (dimension 53)
feat_0054,float,,MolPMoFiT last hidden state (dimension 54)
feat_0055,float,,MolPMoFiT last hidden state (dimension 55)
feat_0056,float,,MolPMoFiT last hidden state (dimension 56)
feat_0057,float,,MolPMoFiT last hidden state (dimension 57)
feat_0058,float,,MolPMoFiT last hidden state (dimension 58)
feat_0059,float,,MolPMoFiT last hidden state (dimension 59)
feat_0060,float,,MolPMoFiT last hidden state (dimension 60)
feat_0061,float,,MolPMoFiT last hidden state (dimension 61)
feat_0062,float,,MolPMoFiT last hidden state (dimension 62)
feat_0063,float,,MolPMoFiT last hidden state (dimension 63)
feat_0064,float,,MolPMoFiT last hidden state (dimension 64)
feat_0065,float,,MolPMoFiT last hidden state (dimension 65)
feat_0066,float,,MolPMoFiT last hidden state (dimension 66)
feat_0067,float,,MolPMoFiT last hidden state (dimension 67)
feat_0068,float,,MolPMoFiT last hidden state (dimension 68)
feat_0069,float,,MolPMoFiT last hidden state (dimension 69)
feat_0070,float,,MolPMoFiT last hidden state (dimension 70)
feat_0071,float,,MolPMoFiT last hidden state (dimension 71)
feat_0072,float,,MolPMoFiT last hidden state (dimension 72)
feat_0073,float,,MolPMoFiT last hidden state (dimension 73)
feat_0074,float,,MolPMoFiT last hidden state (dimension 74)
feat_0075,float,,MolPMoFiT last hidden state (dimension 75)
feat_0076,float,,MolPMoFiT last hidden state (dimension 76)
feat_0077,float,,MolPMoFiT last hidden state (dimension 77)
feat_0078,float,,MolPMoFiT last hidden state (dimension 78)
feat_0079,float,,MolPMoFiT last hidden state (dimension 79)
feat_0080,float,,MolPMoFiT last hidden state (dimension 80)
feat_0081,float,,MolPMoFiT last hidden state (dimension 81)
feat_0082,float,,MolPMoFiT last hidden state (dimension 82)
feat_0083,float,,MolPMoFiT last hidden state (dimension 83)
feat_0084,float,,MolPMoFiT last hidden state (dimension 84)
feat_0085,float,,MolPMoFiT last hidden state (dimension 85)
feat_0086,float,,MolPMoFiT last hidden state (dimension 86)
feat_0087,float,,MolPMoFiT last hidden state (dimension 87)
feat_0088,float,,MolPMoFiT last hidden state (dimension 88)
feat_0089,float,,MolPMoFiT last hidden state (dimension 89)
feat_0090,float,,MolPMoFiT last hidden state (dimension 90)
feat_0091,float,,MolPMoFiT last hidden state (dimension 91)
feat_0092,float,,MolPMoFiT last hidden state (dimension 92)
feat_0093,float,,MolPMoFiT last hidden state (dimension 93)
feat_0094,float,,MolPMoFiT last hidden state (dimension 94)
feat_0095,float,,MolPMoFiT last hidden state (dimension 95)
feat_0096,float,,MolPMoFiT last hidden state (dimension 96)
feat_0097,float,,MolPMoFiT last hidden state (dimension 97)
feat_0098,float,,MolPMoFiT last hidden state (dimension 98)
feat_0099,float,,MolPMoFiT last hidden state (dimension 99)
feat_0100,float,,MolPMoFiT last hidden state (dimension 100)
feat_0101,float,,MolPMoFiT last hidden state (dimension 101)
feat_0102,float,,MolPMoFiT last hidden state (dimension 102)
feat_0103,float,,MolPMoFiT last hidden state (dimension 103)
feat_0104,float,,MolPMoFiT last hidden state (dimension 104)
feat_0105,float,,MolPMoFiT last hidden state (dimension 105)
feat_0106,float,,MolPMoFiT last hidden state (dimension 106)
feat_0107,float,,MolPMoFiT last hidden state (dimension 107)
feat_0108,float,,MolPMoFiT last hidden state (dimension 108)
feat_0109,float,,MolPMoFiT last hidden state (dimension 109)
feat_0110,float,,MolPMoFiT last hidden state (dimension 110)
feat_0111,float,,MolPMoFiT last hidden state (dimension 111)
feat_0112,float,,MolPMoFiT last hidden state (dimension 112)
feat_0113,float,,MolPMoFiT last hidden state (dimension 113)
feat_0114,float,,MolPMoFiT last hidden state (dimension 114)
feat_0115,float,,MolPMoFiT last hidden state (dimension 115)
feat_0116,float,,MolPMoFiT last hidden state (dimension 116)
feat_0117,float,,MolPMoFiT last hidden state (dimension 117)
feat_0118,float,,MolPMoFiT last hidden state (dimension 118)
feat_0119,float,,MolPMoFiT last hidden state (dimension 119)
feat_0120,float,,MolPMoFiT last hidden state (dimension 120)
feat_0121,float,,MolPMoFiT last hidden state (dimension 121)
feat_0122,float,,MolPMoFiT last hidden state (dimension 122)
feat_0123,float,,MolPMoFiT last hidden state (dimension 123)
feat_0124,float,,MolPMoFiT last hidden state (dimension 124)
feat_0125,float,,MolPMoFiT last hidden state (dimension 125)
feat_0126,float,,MolPMoFiT last hidden state (dimension 126)
feat_0127,float,,MolPMoFiT last hidden state (dimension 127)
feat_0128,float,,MolPMoFiT last hidden state (dimension 128)
feat_0129,float,,MolPMoFiT last hidden state (dimension 129)
feat_0130,float,,MolPMoFiT last hidden state (dimension 130)
feat_0131,float,,MolPMoFiT last hidden state (dimension 131)
feat_0132,float,,MolPMoFiT last hidden state (dimension 132)
feat_0133,float,,MolPMoFiT last hidden state (dimension 133)
feat_0134,float,,MolPMoFiT last hidden state (dimension 134)
feat_0135,float,,MolPMoFiT last hidden state (dimension 135)
feat_0136,float,,MolPMoFiT last hidden state (dimension 136)
feat_0137,float,,MolPMoFiT last hidden state (dimension 137)
feat_0138,float,,MolPMoFiT last hidden state (dimension 138)
feat_0139,float,,MolPMoFiT last hidden state (dimension 139)
feat_0140,float,,MolPMoFiT last hidden state (dimension 140)
feat_0141,float,,MolPMoFiT last hidden state (dimension 141)
feat_0142,float,,MolPMoFiT last hidden state (dimension 142)
feat_0143,float,,MolPMoFiT last hidden state (dimension 143)
feat_0144,float,,MolPMoFiT last hidden state (dimension 144)
feat_0145,float,,MolPMoFiT last hidden state (dimension 145)
feat_0146,float,,MolPMoFiT last hidden state (dimension 146)
feat_0147,float,,MolPMoFiT last hidden state (dimension 147)
feat_0148,float,,MolPMoFiT last hidden state (dimension 148)
feat_0149,float,,MolPMoFiT last hidden state (dimension 149)
feat_0150,float,,MolPMoFiT last hidden state (dimension 150)
feat_0151,float,,MolPMoFiT last hidden state (dimension 151)
feat_0152,float,,MolPMoFiT last hidden state (dimension 152)
feat_0153,float,,MolPMoFiT last hidden state (dimension 153)
feat_0154,float,,MolPMoFiT last hidden state (dimension 154)
feat_0155,float,,MolPMoFiT last hidden state (dimension 155)
feat_0156,float,,MolPMoFiT last hidden state (dimension 156)
feat_0157,float,,MolPMoFiT last hidden state (dimension 157)
feat_0158,float,,MolPMoFiT last hidden state (dimension 158)
feat_0159,float,,MolPMoFiT last hidden state (dimension 159)
feat_0160,float,,MolPMoFiT last hidden state (dimension 160)
feat_0161,float,,MolPMoFiT last hidden state (dimension 161)
feat_0162,float,,MolPMoFiT last hidden state (dimension 162)
feat_0163,float,,MolPMoFiT last hidden state (dimension 163)
feat_0164,float,,MolPMoFiT last hidden state (dimension 164)
feat_0165,float,,MolPMoFiT last hidden state (dimension 165)
feat_0166,float,,MolPMoFiT last hidden state (dimension 166)
feat_0167,float,,MolPMoFiT last hidden state (dimension 167)
feat_0168,float,,MolPMoFiT last hidden state (dimension 168)
feat_0169,float,,MolPMoFiT last hidden state (dimension 169)
feat_0170,float,,MolPMoFiT last hidden state (dimension 170)
feat_0171,float,,MolPMoFiT last hidden state (dimension 171)
feat_0172,float,,MolPMoFiT last hidden state (dimension 172)
feat_0173,float,,MolPMoFiT last hidden state (dimension 173)
feat_0174,float,,MolPMoFiT last hidden state (dimension 174)
feat_0175,float,,MolPMoFiT last hidden state (dimension 175)
feat_0176,float,,MolPMoFiT last hidden state (dimension 176)
feat_0177,float,,MolPMoFiT last hidden state (dimension 177)
feat_0178,float,,MolPMoFiT last hidden state (dimension 178)
feat_0179,float,,MolPMoFiT last hidden state (dimension 179)
feat_0180,float,,MolPMoFiT last hidden state (dimension 180)
feat_0181,float,,MolPMoFiT last hidden state (dimension 181)
feat_0182,float,,MolPMoFiT last hidden state (dimension 182)
feat_0183,float,,MolPMoFiT last hidden state (dimension 183)
feat_0184,float,,MolPMoFiT last hidden state (dimension 184)
feat_0185,float,,MolPMoFiT last hidden state (dimension 185)
feat_0186,float,,MolPMoFiT last hidden state (dimension 186)
feat_0187,float,,MolPMoFiT last hidden state (dimension 187)
feat_0188,float,,MolPMoFiT last hidden state (dimension 188)
feat_0189,float,,MolPMoFiT last hidden state (dimension 189)
feat_0190,float,,MolPMoFiT last hidden state (dimension 190)
feat_0191,float,,MolPMoFiT last hidden state (dimension 191)
feat_0192,float,,MolPMoFiT last hidden state (dimension 192)
feat_0193,float,,MolPMoFiT last hidden state (dimension 193)
feat_0194,float,,MolPMoFiT last hidden state (dimension 194)
feat_0195,float,,MolPMoFiT last hidden state (dimension 195)
feat_0196,float,,MolPMoFiT last hidden state (dimension 196)
feat_0197,float,,MolPMoFiT last hidden state (dimension 197)
feat_0198,float,,MolPMoFiT last hidden state (dimension 198)
feat_0199,float,,MolPMoFiT last hidden state (dimension 199)
feat_0200,float,,MolPMoFiT last hidden state (dimension 200)
feat_0201,float,,MolPMoFiT last hidden state (dimension 201)
feat_0202,float,,MolPMoFiT last hidden state (dimension 202)
feat_0203,float,,MolPMoFiT last hidden state (dimension 203)
feat_0204,float,,MolPMoFiT last hidden state (dimension 204)
feat_0205,float,,MolPMoFiT last hidden state (dimension 205)
feat_0206,float,,MolPMoFiT last hidden state (dimension 206)
feat_0207,float,,MolPMoFiT last hidden state (dimension 207)
feat_0208,float,,MolPMoFiT last hidden state (dimension 208)
feat_0209,float,,MolPMoFiT last hidden state (dimension 209)
feat_0210,float,,MolPMoFiT last hidden state (dimension 210)
feat_0211,float,,MolPMoFiT last hidden state (dimension 211)
feat_0212,float,,MolPMoFiT last hidden state (dimension 212)
feat_0213,float,,MolPMoFiT last hidden state (dimension 213)
feat_0214,float,,MolPMoFiT last hidden state (dimension 214)
feat_0215,float,,MolPMoFiT last hidden state (dimension 215)
feat_0216,float,,MolPMoFiT last hidden state (dimension 216)
feat_0217,float,,MolPMoFiT last hidden state (dimension 217)
feat_0218,float,,MolPMoFiT last hidden state (dimension 218)
feat_0219,float,,MolPMoFiT last hidden state (dimension 219)
feat_0220,float,,MolPMoFiT last hidden state (dimension 220)
feat_0221,float,,MolPMoFiT last hidden state (dimension 221)
feat_0222,float,,MolPMoFiT last hidden state (dimension 222)
feat_0223,float,,MolPMoFiT last hidden state (dimension 223)
feat_0224,float,,MolPMoFiT last hidden state (dimension 224)
feat_0225,float,,MolPMoFiT last hidden state (dimension 225)
feat_0226,float,,MolPMoFiT last hidden state (dimension 226)
feat_0227,float,,MolPMoFiT last hidden state (dimension 227)
feat_0228,float,,MolPMoFiT last hidden state (dimension 228)
feat_0229,float,,MolPMoFiT last hidden state (dimension 229)
feat_0230,float,,MolPMoFiT last hidden state (dimension 230)
feat_0231,float,,MolPMoFiT last hidden state (dimension 231)
feat_0232,float,,MolPMoFiT last hidden state (dimension 232)
feat_0233,float,,MolPMoFiT last hidden state (dimension 233)
feat_0234,float,,MolPMoFiT last hidden state (dimension 234)
feat_0235,float,,MolPMoFiT last hidden state (dimension 235)
feat_0236,float,,MolPMoFiT last hidden state (dimension 236)
feat_0237,float,,MolPMoFiT last hidden state (dimension 237)
feat_0238,float,,MolPMoFiT last hidden state (dimension 238)
feat_0239,float,,MolPMoFiT last hidden state (dimension 239)
feat_0240,float,,MolPMoFiT last hidden state (dimension 240)
feat_0241,float,,MolPMoFiT last hidden state (dimension 241)
feat_0242,float,,MolPMoFiT last hidden state (dimension 242)
feat_0243,float,,MolPMoFiT last hidden state (dimension 243)
feat_0244,float,,MolPMoFiT last hidden state (dimension 244)
feat_0245,float,,MolPMoFiT last hidden state (dimension 245)
feat_0246,float,,MolPMoFiT last hidden state (dimension 246)
feat_0247,float,,MolPMoFiT last hidden state (dimension 247)
feat_0248,float,,MolPMoFiT last hidden state (dimension 248)
feat_0249,float,,MolPMoFiT last hidden state (dimension 249)
feat_0250,float,,MolPMoFiT last hidden state (dimension 250)
feat_0251,float,,MolPMoFiT last hidden state (dimension 251)
feat_0252,float,,MolPMoFiT last hidden state (dimension 252)
feat_0253,float,,MolPMoFiT last hidden state (dimension 253)
feat_0254,float,,MolPMoFiT last hidden state (dimension 254)
feat_0255,float,,MolPMoFiT last hidden state (dimension 255)
feat_0256,float,,MolPMoFiT last hidden state (dimension 256)
feat_0257,float,,MolPMoFiT last hidden state (dimension 257)
feat_0258,float,,MolPMoFiT last hidden state (dimension 258)
feat_0259,float,,MolPMoFiT last hidden state (dimension 259)
feat_0260,float,,MolPMoFiT last hidden state (dimension 260)
feat_0261,float,,MolPMoFiT last hidden state (dimension 261)
feat_0262,float,,MolPMoFiT last hidden state (dimension 262)
feat_0263,float,,MolPMoFiT last hidden state (dimension 263)
feat_0264,float,,MolPMoFiT last hidden state (dimension 264)
feat_0265,float,,MolPMoFiT last hidden state (dimension 265)
feat_0266,float,,MolPMoFiT last hidden state (dimension 266)
feat_0267,float,,MolPMoFiT last hidden state (dimension 267)
feat_0268,float,,MolPMoFiT last hidden state (dimension 268)
feat_0269,float,,MolPMoFiT last hidden state (dimension 269)
feat_0270,float,,MolPMoFiT last hidden state (dimension 270)
feat_0271,float,,MolPMoFiT last hidden state (dimension 271)
feat_0272,float,,MolPMoFiT last hidden state (dimension 272)
feat_0273,float,,MolPMoFiT last hidden state (dimension 273)
feat_0274,float,,MolPMoFiT last hidden state (dimension 274)
feat_0275,float,,MolPMoFiT last hidden state (dimension 275)
feat_0276,float,,MolPMoFiT last hidden state (dimension 276)
feat_0277,float,,MolPMoFiT last hidden state (dimension 277)
feat_0278,float,,MolPMoFiT last hidden state (dimension 278)
feat_0279,float,,MolPMoFiT last hidden state (dimension 279)
feat_0280,float,,MolPMoFiT last hidden state (dimension 280)
feat_0281,float,,MolPMoFiT last hidden state (dimension 281)
feat_0282,float,,MolPMoFiT last hidden state (dimension 282)
feat_0283,float,,MolPMoFiT last hidden state (dimension 283)
feat_0284,float,,MolPMoFiT last hidden state (dimension 284)
feat_0285,float,,MolPMoFiT last hidden state (dimension 285)
feat_0286,float,,MolPMoFiT last hidden state (dimension 286)
feat_0287,float,,MolPMoFiT last hidden state (dimension 287)
feat_0288,float,,MolPMoFiT last hidden state (dimension 288)
feat_0289,float,,MolPMoFiT last hidden state (dimension 289)
feat_0290,float,,MolPMoFiT last hidden state (dimension 290)
feat_0291,float,,MolPMoFiT last hidden state (dimension 291)
feat_0292,float,,MolPMoFiT last hidden state (dimension 292)
feat_0293,float,,MolPMoFiT last hidden state (dimension 293)
feat_0294,float,,MolPMoFiT last hidden state (dimension 294)
feat_0295,float,,MolPMoFiT last hidden state (dimension 295)
feat_0296,float,,MolPMoFiT last hidden state (dimension 296)
feat_0297,float,,MolPMoFiT last hidden state (dimension 297)
feat_0298,float,,MolPMoFiT last hidden state (dimension 298)
feat_0299,float,,MolPMoFiT last hidden state (dimension 299)
feat_0300,float,,MolPMoFiT last hidden state (dimension 300)
feat_0301,float,,MolPMoFiT last hidden state (dimension 301)
feat_0302,float,,MolPMoFiT last hidden state (dimension 302)
feat_0303,float,,MolPMoFiT last hidden state (dimension 303)
feat_0304,float,,MolPMoFiT last hidden state (dimension 304)
feat_0305,float,,MolPMoFiT last hidden state (dimension 305)
feat_0306,float,,MolPMoFiT last hidden state (dimension 306)
feat_0307,float,,MolPMoFiT last hidden state (dimension 307)
feat_0308,float,,MolPMoFiT last hidden state (dimension 308)
feat_0309,float,,MolPMoFiT last hidden state (dimension 309)
feat_0310,float,,MolPMoFiT last hidden state (dimension 310)
feat_0311,float,,MolPMoFiT last hidden state (dimension 311)
feat_0312,float,,MolPMoFiT last hidden state (dimension 312)
feat_0313,float,,MolPMoFiT last hidden state (dimension 313)
feat_0314,float,,MolPMoFiT last hidden state (dimension 314)
feat_0315,float,,MolPMoFiT last hidden state (dimension 315)
feat_0316,float,,MolPMoFiT last hidden state (dimension 316)
feat_0317,float,,MolPMoFiT last hidden state (dimension 317)
feat_0318,float,,MolPMoFiT last hidden state (dimension 318)
feat_0319,float,,MolPMoFiT last hidden state (dimension 319)
feat_0320,float,,MolPMoFiT last hidden state (dimension 320)
feat_0321,float,,MolPMoFiT last hidden state (dimension 321)
feat_0322,float,,MolPMoFiT last hidden state (dimension 322)
feat_0323,float,,MolPMoFiT last hidden state (dimension 323)
feat_0324,float,,MolPMoFiT last hidden state (dimension 324)
feat_0325,float,,MolPMoFiT last hidden state (dimension 325)
feat_0326,float,,MolPMoFiT last hidden state (dimension 326)
feat_0327,float,,MolPMoFiT last hidden state (dimension 327)
feat_0328,float,,MolPMoFiT last hidden state (dimension 328)
feat_0329,float,,MolPMoFiT last hidden state (dimension 329)
feat_0330,float,,MolPMoFiT last hidden state (dimension 330)
feat_0331,float,,MolPMoFiT last hidden state (dimension 331)
feat_0332,float,,MolPMoFiT last hidden state (dimension 332)
feat_0333,float,,MolPMoFiT last hidden state (dimension 333)
feat_0334,float,,MolPMoFiT last hidden state (dimension 334)
feat_0335,float,,MolPMoFiT last hidden state (dimension 335)
feat_0336,float,,MolPMoFiT last hidden state (dimension 336)
feat_0337,float,,MolPMoFiT last hidden state (dimension 337)
feat_0338,float,,MolPMoFiT last hidden state (dimension 338)
feat_0339,float,,MolPMoFiT last hidden state (dimension 339)
feat_0340,float,,MolPMoFiT last hidden state (dimension 340)
feat_0341,float,,MolPMoFiT last hidden state (dimension 341)
feat_0342,float,,MolPMoFiT last hidden state (dimension 342)
feat_0343,float,,MolPMoFiT last hidden state (dimension 343)
feat_0344,float,,MolPMoFiT last hidden state (dimension 344)
feat_0345,float,,MolPMoFiT last hidden state (dimension 345)
feat_0346,float,,MolPMoFiT last hidden state (dimension 346)
feat_0347,float,,MolPMoFiT last hidden state (dimension 347)
feat_0348,float,,MolPMoFiT last hidden state (dimension 348)
feat_0349,float,,MolPMoFiT last hidden state (dimension 349)
feat_0350,float,,MolPMoFiT last hidden state (dimension 350)
feat_0351,float,,MolPMoFiT last hidden state (dimension 351)
feat_0352,float,,MolPMoFiT last hidden state (dimension 352)
feat_0353,float,,MolPMoFiT last hidden state (dimension 353)
feat_0354,float,,MolPMoFiT last hidden state (dimension 354)
feat_0355,float,,MolPMoFiT last hidden state (dimension 355)
feat_0356,float,,MolPMoFiT last hidden state (dimension 356)
feat_0357,float,,MolPMoFiT last hidden state (dimension 357)
feat_0358,float,,MolPMoFiT last hidden state (dimension 358)
feat_0359,float,,MolPMoFiT last hidden state (dimension 359)
feat_0360,float,,MolPMoFiT last hidden state (dimension 360)
feat_0361,float,,MolPMoFiT last hidden state (dimension 361)
feat_0362,float,,MolPMoFiT last hidden state (dimension 362)
feat_0363,float,,MolPMoFiT last hidden state (dimension 363)
feat_0364,float,,MolPMoFiT last hidden state (dimension 364)
feat_0365,float,,MolPMoFiT last hidden state (dimension 365)
feat_0366,float,,MolPMoFiT last hidden state (dimension 366)
feat_0367,float,,MolPMoFiT last hidden state (dimension 367)
feat_0368,float,,MolPMoFiT last hidden state (dimension 368)
feat_0369,float,,MolPMoFiT last hidden state (dimension 369)
feat_0370,float,,MolPMoFiT last hidden state (dimension 370)
feat_0371,float,,MolPMoFiT last hidden state (dimension 371)
feat_0372,float,,MolPMoFiT last hidden state (dimension 372)
feat_0373,float,,MolPMoFiT last hidden state (dimension 373)
feat_0374,float,,MolPMoFiT last hidden state (dimension 374)
feat_0375,float,,MolPMoFiT last hidden state (dimension 375)
feat_0376,float,,MolPMoFiT last hidden state (dimension 376)
feat_0377,float,,MolPMoFiT last hidden state (dimension 377)
feat_0378,float,,MolPMoFiT last hidden state (dimension 378)
feat_0379,float,,MolPMoFiT last hidden state (dimension 379)
feat_0380,float,,MolPMoFiT last hidden state (dimension 380)
feat_0381,float,,MolPMoFiT last hidden state (dimension 381)
feat_0382,float,,MolPMoFiT last hidden state (dimension 382)
feat_0383,float,,MolPMoFiT last hidden state (dimension 383)
feat_0384,float,,MolPMoFiT last hidden state (dimension 384)
feat_0385,float,,MolPMoFiT last hidden state (dimension 385)
feat_0386,float,,MolPMoFiT last hidden state (dimension 386)
feat_0387,float,,MolPMoFiT last hidden state (dimension 387)
feat_0388,float,,MolPMoFiT last hidden state (dimension 388)
feat_0389,float,,MolPMoFiT last hidden state (dimension 389)
feat_0390,float,,MolPMoFiT last hidden state (dimension 390)
feat_0391,float,,MolPMoFiT last hidden state (dimension 391)
feat_0392,float,,MolPMoFiT last hidden state (dimension 392)
feat_0393,float,,MolPMoFiT last hidden state (dimension 393)
feat_0394,float,,MolPMoFiT last hidden state (dimension 394)
feat_0395,float,,MolPMoFiT last hidden state (dimension 395)
feat_0396,float,,MolPMoFiT last hidden state (dimension 396)
feat_0397,float,,MolPMoFiT last hidden state (dimension 397)
feat_0398,float,,MolPMoFiT last hidden state (dimension 398)
feat_0399,float,,MolPMoFiT last hidden state (dimension 399)
feat_0400,float,,MolPMoFiT max-pool over tokens (dimension 0)
feat_0401,float,,MolPMoFiT max-pool over tokens (dimension 1)
feat_0402,float,,MolPMoFiT max-pool over tokens (dimension 2)
feat_0403,float,,MolPMoFiT max-pool over tokens (dimension 3)
feat_0404,float,,MolPMoFiT max-pool over tokens (dimension 4)
feat_0405,float,,MolPMoFiT max-pool over tokens (dimension 5)
feat_0406,float,,MolPMoFiT max-pool over tokens (dimension 6)
feat_0407,float,,MolPMoFiT max-pool over tokens (dimension 7)
feat_0408,float,,MolPMoFiT max-pool over tokens (dimension 8)
feat_0409,float,,MolPMoFiT max-pool over tokens (dimension 9)
feat_0410,float,,MolPMoFiT max-pool over tokens (dimension 10)
feat_0411,float,,MolPMoFiT max-pool over tokens (dimension 11)
feat_0412,float,,MolPMoFiT max-pool over tokens (dimension 12)
feat_0413,float,,MolPMoFiT max-pool over tokens (dimension 13)
feat_0414,float,,MolPMoFiT max-pool over tokens (dimension 14)
feat_0415,float,,MolPMoFiT max-pool over tokens (dimension 15)
feat_0416,float,,MolPMoFiT max-pool over tokens (dimension 16)
feat_0417,float,,MolPMoFiT max-pool over tokens (dimension 17)
feat_0418,float,,MolPMoFiT max-pool over tokens (dimension 18)
feat_0419,float,,MolPMoFiT max-pool over tokens (dimension 19)
feat_0420,float,,MolPMoFiT max-pool over tokens (dimension 20)
feat_0421,float,,MolPMoFiT max-pool over tokens (dimension 21)
feat_0422,float,,MolPMoFiT max-pool over tokens (dimension 22)
feat_0423,float,,MolPMoFiT max-pool over tokens (dimension 23)
feat_0424,float,,MolPMoFiT max-pool over tokens (dimension 24)
feat_0425,float,,MolPMoFiT max-pool over tokens (dimension 25)
feat_0426,float,,MolPMoFiT max-pool over tokens (dimension 26)
feat_0427,float,,MolPMoFiT max-pool over tokens (dimension 27)
feat_0428,float,,MolPMoFiT max-pool over tokens (dimension 28)
feat_0429,float,,MolPMoFiT max-pool over tokens (dimension 29)
feat_0430,float,,MolPMoFiT max-pool over tokens (dimension 30)
feat_0431,float,,MolPMoFiT max-pool over tokens (dimension 31)
feat_0432,float,,MolPMoFiT max-pool over tokens (dimension 32)
feat_0433,float,,MolPMoFiT max-pool over tokens (dimension 33)
feat_0434,float,,MolPMoFiT max-pool over tokens (dimension 34)
feat_0435,float,,MolPMoFiT max-pool over tokens (dimension 35)
feat_0436,float,,MolPMoFiT max-pool over tokens (dimension 36)
feat_0437,float,,MolPMoFiT max-pool over tokens (dimension 37)
feat_0438,float,,MolPMoFiT max-pool over tokens (dimension 38)
feat_0439,float,,MolPMoFiT max-pool over tokens (dimension 39)
feat_0440,float,,MolPMoFiT max-pool over tokens (dimension 40)
feat_0441,float,,MolPMoFiT max-pool over tokens (dimension 41)
feat_0442,float,,MolPMoFiT max-pool over tokens (dimension 42)
feat_0443,float,,MolPMoFiT max-pool over tokens (dimension 43)
feat_0444,float,,MolPMoFiT max-pool over tokens (dimension 44)
feat_0445,float,,MolPMoFiT max-pool over tokens (dimension 45)
feat_0446,float,,MolPMoFiT max-pool over tokens (dimension 46)
feat_0447,float,,MolPMoFiT max-pool over tokens (dimension 47)
feat_0448,float,,MolPMoFiT max-pool over tokens (dimension 48)
feat_0449,float,,MolPMoFiT max-pool over tokens (dimension 49)
feat_0450,float,,MolPMoFiT max-pool over tokens (dimension 50)
feat_0451,float,,MolPMoFiT max-pool over tokens (dimension 51)
feat_0452,float,,MolPMoFiT max-pool over tokens (dimension 52)
feat_0453,float,,MolPMoFiT max-pool over tokens (dimension 53)
feat_0454,float,,MolPMoFiT max-pool over tokens (dimension 54)
feat_0455,float,,MolPMoFiT max-pool over tokens (dimension 55)
feat_0456,float,,MolPMoFiT max-pool over tokens (dimension 56)
feat_0457,float,,MolPMoFiT max-pool over tokens (dimension 57)
feat_0458,float,,MolPMoFiT max-pool over tokens (dimension 58)
feat_0459,float,,MolPMoFiT max-pool over tokens (dimension 59)
feat_0460,float,,MolPMoFiT max-pool over tokens (dimension 60)
feat_0461,float,,MolPMoFiT max-pool over tokens (dimension 61)
feat_0462,float,,MolPMoFiT max-pool over tokens (dimension 62)
feat_0463,float,,MolPMoFiT max-pool over tokens (dimension 63)
feat_0464,float,,MolPMoFiT max-pool over tokens (dimension 64)
feat_0465,float,,MolPMoFiT max-pool over tokens (dimension 65)
feat_0466,float,,MolPMoFiT max-pool over tokens (dimension 66)
feat_0467,float,,MolPMoFiT max-pool over tokens (dimension 67)
feat_0468,float,,MolPMoFiT max-pool over tokens (dimension 68)
feat_0469,float,,MolPMoFiT max-pool over tokens (dimension 69)
feat_0470,float,,MolPMoFiT max-pool over tokens (dimension 70)
feat_0471,float,,MolPMoFiT max-pool over tokens (dimension 71)
feat_0472,float,,MolPMoFiT max-pool over tokens (dimension 72)
feat_0473,float,,MolPMoFiT max-pool over tokens (dimension 73)
feat_0474,float,,MolPMoFiT max-pool over tokens (dimension 74)
feat_0475,float,,MolPMoFiT max-pool over tokens (dimension 75)
feat_0476,float,,MolPMoFiT max-pool over tokens (dimension 76)
feat_0477,float,,MolPMoFiT max-pool over tokens (dimension 77)
feat_0478,float,,MolPMoFiT max-pool over tokens (dimension 78)
feat_0479,float,,MolPMoFiT max-pool over tokens (dimension 79)
feat_0480,float,,MolPMoFiT max-pool over tokens (dimension 80)
feat_0481,float,,MolPMoFiT max-pool over tokens (dimension 81)
feat_0482,float,,MolPMoFiT max-pool over tokens (dimension 82)
feat_0483,float,,MolPMoFiT max-pool over tokens (dimension 83)
feat_0484,float,,MolPMoFiT max-pool over tokens (dimension 84)
feat_0485,float,,MolPMoFiT max-pool over tokens (dimension 85)
feat_0486,float,,MolPMoFiT max-pool over tokens (dimension 86)
feat_0487,float,,MolPMoFiT max-pool over tokens (dimension 87)
feat_0488,float,,MolPMoFiT max-pool over tokens (dimension 88)
feat_0489,float,,MolPMoFiT max-pool over tokens (dimension 89)
feat_0490,float,,MolPMoFiT max-pool over tokens (dimension 90)
feat_0491,float,,MolPMoFiT max-pool over tokens (dimension 91)
feat_0492,float,,MolPMoFiT max-pool over tokens (dimension 92)
feat_0493,float,,MolPMoFiT max-pool over tokens (dimension 93)
feat_0494,float,,MolPMoFiT max-pool over tokens (dimension 94)
feat_0495,float,,MolPMoFiT max-pool over tokens (dimension 95)
feat_0496,float,,MolPMoFiT max-pool over tokens (dimension 96)
feat_0497,float,,MolPMoFiT max-pool over tokens (dimension 97)
feat_0498,float,,MolPMoFiT max-pool over tokens (dimension 98)
feat_0499,float,,MolPMoFiT max-pool over tokens (dimension 99)
feat_0500,float,,MolPMoFiT max-pool over tokens (dimension 100)
feat_0501,float,,MolPMoFiT max-pool over tokens (dimension 101)
feat_0502,float,,MolPMoFiT max-pool over tokens (dimension 102)
feat_0503,float,,MolPMoFiT max-pool over tokens (dimension 103)
feat_0504,float,,MolPMoFiT max-pool over tokens (dimension 104)
feat_0505,float,,MolPMoFiT max-pool over tokens (dimension 105)
feat_0506,float,,MolPMoFiT max-pool over tokens (dimension 106)
feat_0507,float,,MolPMoFiT max-pool over tokens (dimension 107)
feat_0508,float,,MolPMoFiT max-pool over tokens (dimension 108)
feat_0509,float,,MolPMoFiT max-pool over tokens (dimension 109)
feat_0510,float,,MolPMoFiT max-pool over tokens (dimension 110)
feat_0511,float,,MolPMoFiT max-pool over tokens (dimension 111)
feat_0512,float,,MolPMoFiT max-pool over tokens (dimension 112)
feat_0513,float,,MolPMoFiT max-pool over tokens (dimension 113)
feat_0514,float,,MolPMoFiT max-pool over tokens (dimension 114)
feat_0515,float,,MolPMoFiT max-pool over tokens (dimension 115)
feat_0516,float,,MolPMoFiT max-pool over tokens (dimension 116)
feat_0517,float,,MolPMoFiT max-pool over tokens (dimension 117)
feat_0518,float,,MolPMoFiT max-pool over tokens (dimension 118)
feat_0519,float,,MolPMoFiT max-pool over tokens (dimension 119)
feat_0520,float,,MolPMoFiT max-pool over tokens (dimension 120)
feat_0521,float,,MolPMoFiT max-pool over tokens (dimension 121)
feat_0522,float,,MolPMoFiT max-pool over tokens (dimension 122)
feat_0523,float,,MolPMoFiT max-pool over tokens (dimension 123)
feat_0524,float,,MolPMoFiT max-pool over tokens (dimension 124)
feat_0525,float,,MolPMoFiT max-pool over tokens (dimension 125)
feat_0526,float,,MolPMoFiT max-pool over tokens (dimension 126)
feat_0527,float,,MolPMoFiT max-pool over tokens (dimension 127)
feat_0528,float,,MolPMoFiT max-pool over tokens (dimension 128)
feat_0529,float,,MolPMoFiT max-pool over tokens (dimension 129)
feat_0530,float,,MolPMoFiT max-pool over tokens (dimension 130)
feat_0531,float,,MolPMoFiT max-pool over tokens (dimension 131)
feat_0532,float,,MolPMoFiT max-pool over tokens (dimension 132)
feat_0533,float,,MolPMoFiT max-pool over tokens (dimension 133)
feat_0534,float,,MolPMoFiT max-pool over tokens (dimension 134)
feat_0535,float,,MolPMoFiT max-pool over tokens (dimension 135)
feat_0536,float,,MolPMoFiT max-pool over tokens (dimension 136)
feat_0537,float,,MolPMoFiT max-pool over tokens (dimension 137)
feat_0538,float,,MolPMoFiT max-pool over tokens (dimension 138)
feat_0539,float,,MolPMoFiT max-pool over tokens (dimension 139)
feat_0540,float,,MolPMoFiT max-pool over tokens (dimension 140)
feat_0541,float,,MolPMoFiT max-pool over tokens (dimension 141)
feat_0542,float,,MolPMoFiT max-pool over tokens (dimension 142)
feat_0543,float,,MolPMoFiT max-pool over tokens (dimension 143)
feat_0544,float,,MolPMoFiT max-pool over tokens (dimension 144)
feat_0545,float,,MolPMoFiT max-pool over tokens (dimension 145)
feat_0546,float,,MolPMoFiT max-pool over tokens (dimension 146)
feat_0547,float,,MolPMoFiT max-pool over tokens (dimension 147)
feat_0548,float,,MolPMoFiT max-pool over tokens (dimension 148)
feat_0549,float,,MolPMoFiT max-pool over tokens (dimension 149)
feat_0550,float,,MolPMoFiT max-pool over tokens (dimension 150)
feat_0551,float,,MolPMoFiT max-pool over tokens (dimension 151)
feat_0552,float,,MolPMoFiT max-pool over tokens (dimension 152)
feat_0553,float,,MolPMoFiT max-pool over tokens (dimension 153)
feat_0554,float,,MolPMoFiT max-pool over tokens (dimension 154)
feat_0555,float,,MolPMoFiT max-pool over tokens (dimension 155)
feat_0556,float,,MolPMoFiT max-pool over tokens (dimension 156)
feat_0557,float,,MolPMoFiT max-pool over tokens (dimension 157)
feat_0558,float,,MolPMoFiT max-pool over tokens (dimension 158)
feat_0559,float,,MolPMoFiT max-pool over tokens (dimension 159)
feat_0560,float,,MolPMoFiT max-pool over tokens (dimension 160)
feat_0561,float,,MolPMoFiT max-pool over tokens (dimension 161)
feat_0562,float,,MolPMoFiT max-pool over tokens (dimension 162)
feat_0563,float,,MolPMoFiT max-pool over tokens (dimension 163)
feat_0564,float,,MolPMoFiT max-pool over tokens (dimension 164)
feat_0565,float,,MolPMoFiT max-pool over tokens (dimension 165)
feat_0566,float,,MolPMoFiT max-pool over tokens (dimension 166)
feat_0567,float,,MolPMoFiT max-pool over tokens (dimension 167)
feat_0568,float,,MolPMoFiT max-pool over tokens (dimension 168)
feat_0569,float,,MolPMoFiT max-pool over tokens (dimension 169)
feat_0570,float,,MolPMoFiT max-pool over tokens (dimension 170)
feat_0571,float,,MolPMoFiT max-pool over tokens (dimension 171)
feat_0572,float,,MolPMoFiT max-pool over tokens (dimension 172)
feat_0573,float,,MolPMoFiT max-pool over tokens (dimension 173)
feat_0574,float,,MolPMoFiT max-pool over tokens (dimension 174)
feat_0575,float,,MolPMoFiT max-pool over tokens (dimension 175)
feat_0576,float,,MolPMoFiT max-pool over tokens (dimension 176)
feat_0577,float,,MolPMoFiT max-pool over tokens (dimension 177)
feat_0578,float,,MolPMoFiT max-pool over tokens (dimension 178)
feat_0579,float,,MolPMoFiT max-pool over tokens (dimension 179)
feat_0580,float,,MolPMoFiT max-pool over tokens (dimension 180)
feat_0581,float,,MolPMoFiT max-pool over tokens (dimension 181)
feat_0582,float,,MolPMoFiT max-pool over tokens (dimension 182)
feat_0583,float,,MolPMoFiT max-pool over tokens (dimension 183)
feat_0584,float,,MolPMoFiT max-pool over tokens (dimension 184)
feat_0585,float,,MolPMoFiT max-pool over tokens (dimension 185)
feat_0586,float,,MolPMoFiT max-pool over tokens (dimension 186)
feat_0587,float,,MolPMoFiT max-pool over tokens (dimension 187)
feat_0588,float,,MolPMoFiT max-pool over tokens (dimension 188)
feat_0589,float,,MolPMoFiT max-pool over tokens (dimension 189)
feat_0590,float,,MolPMoFiT max-pool over tokens (dimension 190)
feat_0591,float,,MolPMoFiT max-pool over tokens (dimension 191)
feat_0592,float,,MolPMoFiT max-pool over tokens (dimension 192)
feat_0593,float,,MolPMoFiT max-pool over tokens (dimension 193)
feat_0594,float,,MolPMoFiT max-pool over tokens (dimension 194)
feat_0595,float,,MolPMoFiT max-pool over tokens (dimension 195)
feat_0596,float,,MolPMoFiT max-pool over tokens (dimension 196)
feat_0597,float,,MolPMoFiT max-pool over tokens (dimension 197)
feat_0598,float,,MolPMoFiT max-pool over tokens (dimension 198)
feat_0599,float,,MolPMoFiT max-pool over tokens (dimension 199)
feat_0600,float,,MolPMoFiT max-pool over tokens (dimension 200)
feat_0601,float,,MolPMoFiT max-pool over tokens (dimension 201)
feat_0602,float,,MolPMoFiT max-pool over tokens (dimension 202)
feat_0603,float,,MolPMoFiT max-pool over tokens (dimension 203)
feat_0604,float,,MolPMoFiT max-pool over tokens (dimension 204)
feat_0605,float,,MolPMoFiT max-pool over tokens (dimension 205)
feat_0606,float,,MolPMoFiT max-pool over tokens (dimension 206)
feat_0607,float,,MolPMoFiT max-pool over tokens (dimension 207)
feat_0608,float,,MolPMoFiT max-pool over tokens (dimension 208)
feat_0609,float,,MolPMoFiT max-pool over tokens (dimension 209)
feat_0610,float,,MolPMoFiT max-pool over tokens (dimension 210)
feat_0611,float,,MolPMoFiT max-pool over tokens (dimension 211)
feat_0612,float,,MolPMoFiT max-pool over tokens (dimension 212)
feat_0613,float,,MolPMoFiT max-pool over tokens (dimension 213)
feat_0614,float,,MolPMoFiT max-pool over tokens (dimension 214)
feat_0615,float,,MolPMoFiT max-pool over tokens (dimension 215)
feat_0616,float,,MolPMoFiT max-pool over tokens (dimension 216)
feat_0617,float,,MolPMoFiT max-pool over tokens (dimension 217)
feat_0618,float,,MolPMoFiT max-pool over tokens (dimension 218)
feat_0619,float,,MolPMoFiT max-pool over tokens (dimension 219)
feat_0620,float,,MolPMoFiT max-pool over tokens (dimension 220)
feat_0621,float,,MolPMoFiT max-pool over tokens (dimension 221)
feat_0622,float,,MolPMoFiT max-pool over tokens (dimension 222)
feat_0623,float,,MolPMoFiT max-pool over tokens (dimension 223)
feat_0624,float,,MolPMoFiT max-pool over tokens (dimension 224)
feat_0625,float,,MolPMoFiT max-pool over tokens (dimension 225)
feat_0626,float,,MolPMoFiT max-pool over tokens (dimension 226)
feat_0627,float,,MolPMoFiT max-pool over tokens (dimension 227)
feat_0628,float,,MolPMoFiT max-pool over tokens (dimension 228)
feat_0629,float,,MolPMoFiT max-pool over tokens (dimension 229)
feat_0630,float,,MolPMoFiT max-pool over tokens (dimension 230)
feat_0631,float,,MolPMoFiT max-pool over tokens (dimension 231)
feat_0632,float,,MolPMoFiT max-pool over tokens (dimension 232)
feat_0633,float,,MolPMoFiT max-pool over tokens (dimension 233)
feat_0634,float,,MolPMoFiT max-pool over tokens (dimension 234)
feat_0635,float,,MolPMoFiT max-pool over tokens (dimension 235)
feat_0636,float,,MolPMoFiT max-pool over tokens (dimension 236)
feat_0637,float,,MolPMoFiT max-pool over tokens (dimension 237)
feat_0638,float,,MolPMoFiT max-pool over tokens (dimension 238)
feat_0639,float,,MolPMoFiT max-pool over tokens (dimension 239)
feat_0640,float,,MolPMoFiT max-pool over tokens (dimension 240)
feat_0641,float,,MolPMoFiT max-pool over tokens (dimension 241)
feat_0642,float,,MolPMoFiT max-pool over tokens (dimension 242)
feat_0643,float,,MolPMoFiT max-pool over tokens (dimension 243)
feat_0644,float,,MolPMoFiT max-pool over tokens (dimension 244)
feat_0645,float,,MolPMoFiT max-pool over tokens (dimension 245)
feat_0646,float,,MolPMoFiT max-pool over tokens (dimension 246)
feat_0647,float,,MolPMoFiT max-pool over tokens (dimension 247)
feat_0648,float,,MolPMoFiT max-pool over tokens (dimension 248)
feat_0649,float,,MolPMoFiT max-pool over tokens (dimension 249)
feat_0650,float,,MolPMoFiT max-pool over tokens (dimension 250)
feat_0651,float,,MolPMoFiT max-pool over tokens (dimension 251)
feat_0652,float,,MolPMoFiT max-pool over tokens (dimension 252)
feat_0653,float,,MolPMoFiT max-pool over tokens (dimension 253)
feat_0654,float,,MolPMoFiT max-pool over tokens (dimension 254)
feat_0655,float,,MolPMoFiT max-pool over tokens (dimension 255)
feat_0656,float,,MolPMoFiT max-pool over tokens (dimension 256)
feat_0657,float,,MolPMoFiT max-pool over tokens (dimension 257)
feat_0658,float,,MolPMoFiT max-pool over tokens (dimension 258)
feat_0659,float,,MolPMoFiT max-pool over tokens (dimension 259)
feat_0660,float,,MolPMoFiT max-pool over tokens (dimension 260)
feat_0661,float,,MolPMoFiT max-pool over tokens (dimension 261)
feat_0662,float,,MolPMoFiT max-pool over tokens (dimension 262)
feat_0663,float,,MolPMoFiT max-pool over tokens (dimension 263)
feat_0664,float,,MolPMoFiT max-pool over tokens (dimension 264)
feat_0665,float,,MolPMoFiT max-pool over tokens (dimension 265)
feat_0666,float,,MolPMoFiT max-pool over tokens (dimension 266)
feat_0667,float,,MolPMoFiT max-pool over tokens (dimension 267)
feat_0668,float,,MolPMoFiT max-pool over tokens (dimension 268)
feat_0669,float,,MolPMoFiT max-pool over tokens (dimension 269)
feat_0670,float,,MolPMoFiT max-pool over tokens (dimension 270)
feat_0671,float,,MolPMoFiT max-pool over tokens (dimension 271)
feat_0672,float,,MolPMoFiT max-pool over tokens (dimension 272)
feat_0673,float,,MolPMoFiT max-pool over tokens (dimension 273)
feat_0674,float,,MolPMoFiT max-pool over tokens (dimension 274)
feat_0675,float,,MolPMoFiT max-pool over tokens (dimension 275)
feat_0676,float,,MolPMoFiT max-pool over tokens (dimension 276)
feat_0677,float,,MolPMoFiT max-pool over tokens (dimension 277)
feat_0678,float,,MolPMoFiT max-pool over tokens (dimension 278)
feat_0679,float,,MolPMoFiT max-pool over tokens (dimension 279)
feat_0680,float,,MolPMoFiT max-pool over tokens (dimension 280)
feat_0681,float,,MolPMoFiT max-pool over tokens (dimension 281)
feat_0682,float,,MolPMoFiT max-pool over tokens (dimension 282)
feat_0683,float,,MolPMoFiT max-pool over tokens (dimension 283)
feat_0684,float,,MolPMoFiT max-pool over tokens (dimension 284)
feat_0685,float,,MolPMoFiT max-pool over tokens (dimension 285)
feat_0686,float,,MolPMoFiT max-pool over tokens (dimension 286)
feat_0687,float,,MolPMoFiT max-pool over tokens (dimension 287)
feat_0688,float,,MolPMoFiT max-pool over tokens (dimension 288)
feat_0689,float,,MolPMoFiT max-pool over tokens (dimension 289)
feat_0690,float,,MolPMoFiT max-pool over tokens (dimension 290)
feat_0691,float,,MolPMoFiT max-pool over tokens (dimension 291)
feat_0692,float,,MolPMoFiT max-pool over tokens (dimension 292)
feat_0693,float,,MolPMoFiT max-pool over tokens (dimension 293)
feat_0694,float,,MolPMoFiT max-pool over tokens (dimension 294)
feat_0695,float,,MolPMoFiT max-pool over tokens (dimension 295)
feat_0696,float,,MolPMoFiT max-pool over tokens (dimension 296)
feat_0697,float,,MolPMoFiT max-pool over tokens (dimension 297)
feat_0698,float,,MolPMoFiT max-pool over tokens (dimension 298)
feat_0699,float,,MolPMoFiT max-pool over tokens (dimension 299)
feat_0700,float,,MolPMoFiT max-pool over tokens (dimension 300)
feat_0701,float,,MolPMoFiT max-pool over tokens (dimension 301)
feat_0702,float,,MolPMoFiT max-pool over tokens (dimension 302)
feat_0703,float,,MolPMoFiT max-pool over tokens (dimension 303)
feat_0704,float,,MolPMoFiT max-pool over tokens (dimension 304)
feat_0705,float,,MolPMoFiT max-pool over tokens (dimension 305)
feat_0706,float,,MolPMoFiT max-pool over tokens (dimension 306)
feat_0707,float,,MolPMoFiT max-pool over tokens (dimension 307)
feat_0708,float,,MolPMoFiT max-pool over tokens (dimension 308)
feat_0709,float,,MolPMoFiT max-pool over tokens (dimension 309)
feat_0710,float,,MolPMoFiT max-pool over tokens (dimension 310)
feat_0711,float,,MolPMoFiT max-pool over tokens (dimension 311)
feat_0712,float,,MolPMoFiT max-pool over tokens (dimension 312)
feat_0713,float,,MolPMoFiT max-pool over tokens (dimension 313)
feat_0714,float,,MolPMoFiT max-pool over tokens (dimension 314)
feat_0715,float,,MolPMoFiT max-pool over tokens (dimension 315)
feat_0716,float,,MolPMoFiT max-pool over tokens (dimension 316)
feat_0717,float,,MolPMoFiT max-pool over tokens (dimension 317)
feat_0718,float,,MolPMoFiT max-pool over tokens (dimension 318)
feat_0719,float,,MolPMoFiT max-pool over tokens (dimension 319)
feat_0720,float,,MolPMoFiT max-pool over tokens (dimension 320)
feat_0721,float,,MolPMoFiT max-pool over tokens (dimension 321)
feat_0722,float,,MolPMoFiT max-pool over tokens (dimension 322)
feat_0723,float,,MolPMoFiT max-pool over tokens (dimension 323)
feat_0724,float,,MolPMoFiT max-pool over tokens (dimension 324)
feat_0725,float,,MolPMoFiT max-pool over tokens (dimension 325)
feat_0726,float,,MolPMoFiT max-pool over tokens (dimension 326)
feat_0727,float,,MolPMoFiT max-pool over tokens (dimension 327)
feat_0728,float,,MolPMoFiT max-pool over tokens (dimension 328)
feat_0729,float,,MolPMoFiT max-pool over tokens (dimension 329)
feat_0730,float,,MolPMoFiT max-pool over tokens (dimension 330)
feat_0731,float,,MolPMoFiT max-pool over tokens (dimension 331)
feat_0732,float,,MolPMoFiT max-pool over tokens (dimension 332)
feat_0733,float,,MolPMoFiT max-pool over tokens (dimension 333)
feat_0734,float,,MolPMoFiT max-pool over tokens (dimension 334)
feat_0735,float,,MolPMoFiT max-pool over tokens (dimension 335)
feat_0736,float,,MolPMoFiT max-pool over tokens (dimension 336)
feat_0737,float,,MolPMoFiT max-pool over tokens (dimension 337)
feat_0738,float,,MolPMoFiT max-pool over tokens (dimension 338)
feat_0739,float,,MolPMoFiT max-pool over tokens (dimension 339)
feat_0740,float,,MolPMoFiT max-pool over tokens (dimension 340)
feat_0741,float,,MolPMoFiT max-pool over tokens (dimension 341)
feat_0742,float,,MolPMoFiT max-pool over tokens (dimension 342)
feat_0743,float,,MolPMoFiT max-pool over tokens (dimension 343)
feat_0744,float,,MolPMoFiT max-pool over tokens (dimension 344)
feat_0745,float,,MolPMoFiT max-pool over tokens (dimension 345)
feat_0746,float,,MolPMoFiT max-pool over tokens (dimension 346)
feat_0747,float,,MolPMoFiT max-pool over tokens (dimension 347)
feat_0748,float,,MolPMoFiT max-pool over tokens (dimension 348)
feat_0749,float,,MolPMoFiT max-pool over tokens (dimension 349)
feat_0750,float,,MolPMoFiT max-pool over tokens (dimension 350)
feat_0751,float,,MolPMoFiT max-pool over tokens (dimension 351)
feat_0752,float,,MolPMoFiT max-pool over tokens (dimension 352)
feat_0753,float,,MolPMoFiT max-pool over tokens (dimension 353)
feat_0754,float,,MolPMoFiT max-pool over tokens (dimension 354)
feat_0755,float,,MolPMoFiT max-pool over tokens (dimension 355)
feat_0756,float,,MolPMoFiT max-pool over tokens (dimension 356)
feat_0757,float,,MolPMoFiT max-pool over tokens (dimension 357)
feat_0758,float,,MolPMoFiT max-pool over tokens (dimension 358)
feat_0759,float,,MolPMoFiT max-pool over tokens (dimension 359)
feat_0760,float,,MolPMoFiT max-pool over tokens (dimension 360)
feat_0761,float,,MolPMoFiT max-pool over tokens (dimension 361)
feat_0762,float,,MolPMoFiT max-pool over tokens (dimension 362)
feat_0763,float,,MolPMoFiT max-pool over tokens (dimension 363)
feat_0764,float,,MolPMoFiT max-pool over tokens (dimension 364)
feat_0765,float,,MolPMoFiT max-pool over tokens (dimension 365)
feat_0766,float,,MolPMoFiT max-pool over tokens (dimension 366)
feat_0767,float,,MolPMoFiT max-pool over tokens (dimension 367)
feat_0768,float,,MolPMoFiT max-pool over tokens (dimension 368)
feat_0769,float,,MolPMoFiT max-pool over tokens (dimension 369)
feat_0770,float,,MolPMoFiT max-pool over tokens (dimension 370)
feat_0771,float,,MolPMoFiT max-pool over tokens (dimension 371)
feat_0772,float,,MolPMoFiT max-pool over tokens (dimension 372)
feat_0773,float,,MolPMoFiT max-pool over tokens (dimension 373)
feat_0774,float,,MolPMoFiT max-pool over tokens (dimension 374)
feat_0775,float,,MolPMoFiT max-pool over tokens (dimension 375)
feat_0776,float,,MolPMoFiT max-pool over tokens (dimension 376)
feat_0777,float,,MolPMoFiT max-pool over tokens (dimension 377)
feat_0778,float,,MolPMoFiT max-pool over tokens (dimension 378)
feat_0779,float,,MolPMoFiT max-pool over tokens (dimension 379)
feat_0780,float,,MolPMoFiT max-pool over tokens (dimension 380)
feat_0781,float,,MolPMoFiT max-pool over tokens (dimension 381)
feat_0782,float,,MolPMoFiT max-pool over tokens (dimension 382)
feat_0783,float,,MolPMoFiT max-pool over tokens (dimension 383)
feat_0784,float,,MolPMoFiT max-pool over tokens (dimension 384)
feat_0785,float,,MolPMoFiT max-pool over tokens (dimension 385)
feat_0786,float,,MolPMoFiT max-pool over tokens (dimension 386)
feat_0787,float,,MolPMoFiT max-pool over tokens (dimension 387)
feat_0788,float,,MolPMoFiT max-pool over tokens (dimension 388)
feat_0789,float,,MolPMoFiT max-pool over tokens (dimension 389)
feat_0790,float,,MolPMoFiT max-pool over tokens (dimension 390)
feat_0791,float,,MolPMoFiT max-pool over tokens (dimension 391)
feat_0792,float,,MolPMoFiT max-pool over tokens (dimension 392)
feat_0793,float,,MolPMoFiT max-pool over tokens (dimension 393)
feat_0794,float,,MolPMoFiT max-pool over tokens (dimension 394)
feat_0795,float,,MolPMoFiT max-pool over tokens (dimension 395)
feat_0796,float,,MolPMoFiT max-pool over tokens (dimension 396)
feat_0797,float,,MolPMoFiT max-pool over tokens (dimension 397)
feat_0798,float,,MolPMoFiT max-pool over tokens (dimension 398)
feat_0799,float,,MolPMoFiT max-pool over tokens (dimension 399)
feat_0800,float,,MolPMoFiT mean-pool over tokens (dimension 0)
feat_0801,float,,MolPMoFiT mean-pool over tokens (dimension 1)
feat_0802,float,,MolPMoFiT mean-pool over tokens (dimension 2)
feat_0803,float,,MolPMoFiT mean-pool over tokens (dimension 3)
feat_0804,float,,MolPMoFiT mean-pool over tokens (dimension 4)
feat_0805,float,,MolPMoFiT mean-pool over tokens (dimension 5)
feat_0806,float,,MolPMoFiT mean-pool over tokens (dimension 6)
feat_0807,float,,MolPMoFiT mean-pool over tokens (dimension 7)
feat_0808,float,,MolPMoFiT mean-pool over tokens (dimension 8)
feat_0809,float,,MolPMoFiT mean-pool over tokens (dimension 9)
feat_0810,float,,MolPMoFiT mean-pool over tokens (dimension 10)
feat_0811,float,,MolPMoFiT mean-pool over tokens (dimension 11)
feat_0812,float,,MolPMoFiT mean-pool over tokens (dimension 12)
feat_0813,float,,MolPMoFiT mean-pool over tokens (dimension 13)
feat_0814,float,,MolPMoFiT mean-pool over tokens (dimension 14)
feat_0815,float,,MolPMoFiT mean-pool over tokens (dimension 15)
feat_0816,float,,MolPMoFiT mean-pool over tokens (dimension 16)
feat_0817,float,,MolPMoFiT mean-pool over tokens (dimension 17)
feat_0818,float,,MolPMoFiT mean-pool over tokens (dimension 18)
feat_0819,float,,MolPMoFiT mean-pool over tokens (dimension 19)
feat_0820,float,,MolPMoFiT mean-pool over tokens (dimension 20)
feat_0821,float,,MolPMoFiT mean-pool over tokens (dimension 21)
feat_0822,float,,MolPMoFiT mean-pool over tokens (dimension 22)
feat_0823,float,,MolPMoFiT mean-pool over tokens (dimension 23)
feat_0824,float,,MolPMoFiT mean-pool over tokens (dimension 24)
feat_0825,float,,MolPMoFiT mean-pool over tokens (dimension 25)
feat_0826,float,,MolPMoFiT mean-pool over tokens (dimension 26)
feat_0827,float,,MolPMoFiT mean-pool over tokens (dimension 27)
feat_0828,float,,MolPMoFiT mean-pool over tokens (dimension 28)
feat_0829,float,,MolPMoFiT mean-pool over tokens (dimension 29)
feat_0830,float,,MolPMoFiT mean-pool over tokens (dimension 30)
feat_0831,float,,MolPMoFiT mean-pool over tokens (dimension 31)
feat_0832,float,,MolPMoFiT mean-pool over tokens (dimension 32)
feat_0833,float,,MolPMoFiT mean-pool over tokens (dimension 33)
feat_0834,float,,MolPMoFiT mean-pool over tokens (dimension 34)
feat_0835,float,,MolPMoFiT mean-pool over tokens (dimension 35)
feat_0836,float,,MolPMoFiT mean-pool over tokens (dimension 36)
feat_0837,float,,MolPMoFiT mean-pool over tokens (dimension 37)
feat_0838,float,,MolPMoFiT mean-pool over tokens (dimension 38)
feat_0839,float,,MolPMoFiT mean-pool over tokens (dimension 39)
feat_0840,float,,MolPMoFiT mean-pool over tokens (dimension 40)
feat_0841,float,,MolPMoFiT mean-pool over tokens (dimension 41)
feat_0842,float,,MolPMoFiT mean-pool over tokens (dimension 42)
feat_0843,float,,MolPMoFiT mean-pool over tokens (dimension 43)
feat_0844,float,,MolPMoFiT mean-pool over tokens (dimension 44)
feat_0845,float,,MolPMoFiT mean-pool over tokens (dimension 45)
feat_0846,float,,MolPMoFiT mean-pool over tokens (dimension 46)
feat_0847,float,,MolPMoFiT mean-pool over tokens (dimension 47)
feat_0848,float,,MolPMoFiT mean-pool over tokens (dimension 48)
feat_0849,float,,MolPMoFiT mean-pool over tokens (dimension 49)
feat_0850,float,,MolPMoFiT mean-pool over tokens (dimension 50)
feat_0851,float,,MolPMoFiT mean-pool over tokens (dimension 51)
feat_0852,float,,MolPMoFiT mean-pool over tokens (dimension 52)
feat_0853,float,,MolPMoFiT mean-pool over tokens (dimension 53)
feat_0854,float,,MolPMoFiT mean-pool over tokens (dimension 54)
feat_0855,float,,MolPMoFiT mean-pool over tokens (dimension 55)
feat_0856,float,,MolPMoFiT mean-pool over tokens (dimension 56)
feat_0857,float,,MolPMoFiT mean-pool over tokens (dimension 57)
feat_0858,float,,MolPMoFiT mean-pool over tokens (dimension 58)
feat_0859,float,,MolPMoFiT mean-pool over tokens (dimension 59)
feat_0860,float,,MolPMoFiT mean-pool over tokens (dimension 60)
feat_0861,float,,MolPMoFiT mean-pool over tokens (dimension 61)
feat_0862,float,,MolPMoFiT mean-pool over tokens (dimension 62)
feat_0863,float,,MolPMoFiT mean-pool over tokens (dimension 63)
feat_0864,float,,MolPMoFiT mean-pool over tokens (dimension 64)
feat_0865,float,,MolPMoFiT mean-pool over tokens (dimension 65)
feat_0866,float,,MolPMoFiT mean-pool over tokens (dimension 66)
feat_0867,float,,MolPMoFiT mean-pool over tokens (dimension 67)
feat_0868,float,,MolPMoFiT mean-pool over tokens (dimension 68)
feat_0869,float,,MolPMoFiT mean-pool over tokens (dimension 69)
feat_0870,float,,MolPMoFiT mean-pool over tokens (dimension 70)
feat_0871,float,,MolPMoFiT mean-pool over tokens (dimension 71)
feat_0872,float,,MolPMoFiT mean-pool over tokens (dimension 72)
feat_0873,float,,MolPMoFiT mean-pool over tokens (dimension 73)
feat_0874,float,,MolPMoFiT mean-pool over tokens (dimension 74)
feat_0875,float,,MolPMoFiT mean-pool over tokens (dimension 75)
feat_0876,float,,MolPMoFiT mean-pool over tokens (dimension 76)
feat_0877,float,,MolPMoFiT mean-pool over tokens (dimension 77)
feat_0878,float,,MolPMoFiT mean-pool over tokens (dimension 78)
feat_0879,float,,MolPMoFiT mean-pool over tokens (dimension 79)
feat_0880,float,,MolPMoFiT mean-pool over tokens (dimension 80)
feat_0881,float,,MolPMoFiT mean-pool over tokens (dimension 81)
feat_0882,float,,MolPMoFiT mean-pool over tokens (dimension 82)
feat_0883,float,,MolPMoFiT mean-pool over tokens (dimension 83)
feat_0884,float,,MolPMoFiT mean-pool over tokens (dimension 84)
feat_0885,float,,MolPMoFiT mean-pool over tokens (dimension 85)
feat_0886,float,,MolPMoFiT mean-pool over tokens (dimension 86)
feat_0887,float,,MolPMoFiT mean-pool over tokens (dimension 87)
feat_0888,float,,MolPMoFiT mean-pool over tokens (dimension 88)
feat_0889,float,,MolPMoFiT mean-pool over tokens (dimension 89)
feat_0890,float,,MolPMoFiT mean-pool over tokens (dimension 90)
feat_0891,float,,MolPMoFiT mean-pool over tokens (dimension 91)
feat_0892,float,,MolPMoFiT mean-pool over tokens (dimension 92)
feat_0893,float,,MolPMoFiT mean-pool over tokens (dimension 93)
feat_0894,float,,MolPMoFiT mean-pool over tokens (dimension 94)
feat_0895,float,,MolPMoFiT mean-pool over tokens (dimension 95)
feat_0896,float,,MolPMoFiT mean-pool over tokens (dimension 96)
feat_0897,float,,MolPMoFiT mean-pool over tokens (dimension 97)
feat_0898,float,,MolPMoFiT mean-pool over tokens (dimension 98)
feat_0899,float,,MolPMoFiT mean-pool over tokens (dimension 99)
feat_0900,float,,MolPMoFiT mean-pool over tokens (dimension 100)
feat_0901,float,,MolPMoFiT mean-pool over tokens (dimension 101)
feat_0902,float,,MolPMoFiT mean-pool over tokens (dimension 102)
feat_0903,float,,MolPMoFiT mean-pool over tokens (dimension 103)
feat_0904,float,,MolPMoFiT mean-pool over tokens (dimension 104)
feat_0905,float,,MolPMoFiT mean-pool over tokens (dimension 105)
feat_0906,float,,MolPMoFiT mean-pool over tokens (dimension 106)
feat_0907,float,,MolPMoFiT mean-pool over tokens (dimension 107)
feat_0908,float,,MolPMoFiT mean-pool over tokens (dimension 108)
feat_0909,float,,MolPMoFiT mean-pool over tokens (dimension 109)
feat_0910,float,,MolPMoFiT mean-pool over tokens (dimension 110)
feat_0911,float,,MolPMoFiT mean-pool over tokens (dimension 111)
feat_0912,float,,MolPMoFiT mean-pool over tokens (dimension 112)
feat_0913,float,,MolPMoFiT mean-pool over tokens (dimension 113)
feat_0914,float,,MolPMoFiT mean-pool over tokens (dimension 114)
feat_0915,float,,MolPMoFiT mean-pool over tokens (dimension 115)
feat_0916,float,,MolPMoFiT mean-pool over tokens (dimension 116)
feat_0917,float,,MolPMoFiT mean-pool over tokens (dimension 117)
feat_0918,float,,MolPMoFiT mean-pool over tokens (dimension 118)
feat_0919,float,,MolPMoFiT mean-pool over tokens (dimension 119)
feat_0920,float,,MolPMoFiT mean-pool over tokens (dimension 120)
feat_0921,float,,MolPMoFiT mean-pool over tokens (dimension 121)
feat_0922,float,,MolPMoFiT mean-pool over tokens (dimension 122)
feat_0923,float,,MolPMoFiT mean-pool over tokens (dimension 123)
feat_0924,float,,MolPMoFiT mean-pool over tokens (dimension 124)
feat_0925,float,,MolPMoFiT mean-pool over tokens (dimension 125)
feat_0926,float,,MolPMoFiT mean-pool over tokens (dimension 126)
feat_0927,float,,MolPMoFiT mean-pool over tokens (dimension 127)
feat_0928,float,,MolPMoFiT mean-pool over tokens (dimension 128)
feat_0929,float,,MolPMoFiT mean-pool over tokens (dimension 129)
feat_0930,float,,MolPMoFiT mean-pool over tokens (dimension 130)
feat_0931,float,,MolPMoFiT mean-pool over tokens (dimension 131)
feat_0932,float,,MolPMoFiT mean-pool over tokens (dimension 132)
feat_0933,float,,MolPMoFiT mean-pool over tokens (dimension 133)
feat_0934,float,,MolPMoFiT mean-pool over tokens (dimension 134)
feat_0935,float,,MolPMoFiT mean-pool over tokens (dimension 135)
feat_0936,float,,MolPMoFiT mean-pool over tokens (dimension 136)
feat_0937,float,,MolPMoFiT mean-pool over tokens (dimension 137)
feat_0938,float,,MolPMoFiT mean-pool over tokens (dimension 138)
feat_0939,float,,MolPMoFiT mean-pool over tokens (dimension 139)
feat_0940,float,,MolPMoFiT mean-pool over tokens (dimension 140)
feat_0941,float,,MolPMoFiT mean-pool over tokens (dimension 141)
feat_0942,float,,MolPMoFiT mean-pool over tokens (dimension 142)
feat_0943,float,,MolPMoFiT mean-pool over tokens (dimension 143)
feat_0944,float,,MolPMoFiT mean-pool over tokens (dimension 144)
feat_0945,float,,MolPMoFiT mean-pool over tokens (dimension 145)
feat_0946,float,,MolPMoFiT mean-pool over tokens (dimension 146)
feat_0947,float,,MolPMoFiT mean-pool over tokens (dimension 147)
feat_0948,float,,MolPMoFiT mean-pool over tokens (dimension 148)
feat_0949,float,,MolPMoFiT mean-pool over tokens (dimension 149)
feat_0950,float,,MolPMoFiT mean-pool over tokens (dimension 150)
feat_0951,float,,MolPMoFiT mean-pool over tokens (dimension 151)
feat_0952,float,,MolPMoFiT mean-pool over tokens (dimension 152)
feat_0953,float,,MolPMoFiT mean-pool over tokens (dimension 153)
feat_0954,float,,MolPMoFiT mean-pool over tokens (dimension 154)
feat_0955,float,,MolPMoFiT mean-pool over tokens (dimension 155)
feat_0956,float,,MolPMoFiT mean-pool over tokens (dimension 156)
feat_0957,float,,MolPMoFiT mean-pool over tokens (dimension 157)
feat_0958,float,,MolPMoFiT mean-pool over tokens (dimension 158)
feat_0959,float,,MolPMoFiT mean-pool over tokens (dimension 159)
feat_0960,float,,MolPMoFiT mean-pool over tokens (dimension 160)
feat_0961,float,,MolPMoFiT mean-pool over tokens (dimension 161)
feat_0962,float,,MolPMoFiT mean-pool over tokens (dimension 162)
feat_0963,float,,MolPMoFiT mean-pool over tokens (dimension 163)
feat_0964,float,,MolPMoFiT mean-pool over tokens (dimension 164)
feat_0965,float,,MolPMoFiT mean-pool over tokens (dimension 165)
feat_0966,float,,MolPMoFiT mean-pool over tokens (dimension 166)
feat_0967,float,,MolPMoFiT mean-pool over tokens (dimension 167)
feat_0968,float,,MolPMoFiT mean-pool over tokens (dimension 168)
feat_0969,float,,MolPMoFiT mean-pool over tokens (dimension 169)
feat_0970,float,,MolPMoFiT mean-pool over tokens (dimension 170)
feat_0971,float,,MolPMoFiT mean-pool over tokens (dimension 171)
feat_0972,float,,MolPMoFiT mean-pool over tokens (dimension 172)
feat_0973,float,,MolPMoFiT mean-pool over tokens (dimension 173)
feat_0974,float,,MolPMoFiT mean-pool over tokens (dimension 174)
feat_0975,float,,MolPMoFiT mean-pool over tokens (dimension 175)
feat_0976,float,,MolPMoFiT mean-pool over tokens (dimension 176)
feat_0977,float,,MolPMoFiT mean-pool over tokens (dimension 177)
feat_0978,float,,MolPMoFiT mean-pool over tokens (dimension 178)
feat_0979,float,,MolPMoFiT mean-pool over tokens (dimension 179)
feat_0980,float,,MolPMoFiT mean-pool over tokens (dimension 180)
feat_0981,float,,MolPMoFiT mean-pool over tokens (dimension 181)
feat_0982,float,,MolPMoFiT mean-pool over tokens (dimension 182)
feat_0983,float,,MolPMoFiT mean-pool over tokens (dimension 183)
feat_0984,float,,MolPMoFiT mean-pool over tokens (dimension 184)
feat_0985,float,,MolPMoFiT mean-pool over tokens (dimension 185)
feat_0986,float,,MolPMoFiT mean-pool over tokens (dimension 186)
feat_0987,float,,MolPMoFiT mean-pool over tokens (dimension 187)
feat_0988,float,,MolPMoFiT mean-pool over tokens (dimension 188)
feat_0989,float,,MolPMoFiT mean-pool over tokens (dimension 189)
feat_0990,float,,MolPMoFiT mean-pool over tokens (dimension 190)
feat_0991,float,,MolPMoFiT mean-pool over tokens (dimension 191)
feat_0992,float,,MolPMoFiT mean-pool over tokens (dimension 192)
feat_0993,float,,MolPMoFiT mean-pool over tokens (dimension 193)
feat_0994,float,,MolPMoFiT mean-pool over tokens (dimension 194)
feat_0995,float,,MolPMoFiT mean-pool over tokens (dimension 195)
feat_0996,float,,MolPMoFiT mean-pool over tokens (dimension 196)
feat_0997,float,,MolPMoFiT mean-pool over tokens (dimension 197)
feat_0998,float,,MolPMoFiT mean-pool over tokens (dimension 198)
feat_0999,float,,MolPMoFiT mean-pool over tokens (dimension 199)
feat_1000,float,,MolPMoFiT mean-pool over tokens (dimension 200)
feat_1001,float,,MolPMoFiT mean-pool over tokens (dimension 201)
feat_1002,float,,MolPMoFiT mean-pool over tokens (dimension 202)
feat_1003,float,,MolPMoFiT mean-pool over tokens (dimension 203)
feat_1004,float,,MolPMoFiT mean-pool over tokens (dimension 204)
feat_1005,float,,MolPMoFiT mean-pool over tokens (dimension 205)
feat_1006,float,,MolPMoFiT mean-pool over tokens (dimension 206)
feat_1007,float,,MolPMoFiT mean-pool over tokens (dimension 207)
feat_1008,float,,MolPMoFiT mean-pool over tokens (dimension 208)
feat_1009,float,,MolPMoFiT mean-pool over tokens (dimension 209)
feat_1010,float,,MolPMoFiT mean-pool over tokens (dimension 210)
feat_1011,float,,MolPMoFiT mean-pool over tokens (dimension 211)
feat_1012,float,,MolPMoFiT mean-pool over tokens (dimension 212)
feat_1013,float,,MolPMoFiT mean-pool over tokens (dimension 213)
feat_1014,float,,MolPMoFiT mean-pool over tokens (dimension 214)
feat_1015,float,,MolPMoFiT mean-pool over tokens (dimension 215)
feat_1016,float,,MolPMoFiT mean-pool over tokens (dimension 216)
feat_1017,float,,MolPMoFiT mean-pool over tokens (dimension 217)
feat_1018,float,,MolPMoFiT mean-pool over tokens (dimension 218)
feat_1019,float,,MolPMoFiT mean-pool over tokens (dimension 219)
feat_1020,float,,MolPMoFiT mean-pool over tokens (dimension 220)
feat_1021,float,,MolPMoFiT mean-pool over tokens (dimension 221)
feat_1022,float,,MolPMoFiT mean-pool over tokens (dimension 222)
feat_1023,float,,MolPMoFiT mean-pool over tokens (dimension 223)
feat_1024,float,,MolPMoFiT mean-pool over tokens (dimension 224)
feat_1025,float,,MolPMoFiT mean-pool over tokens (dimension 225)
feat_1026,float,,MolPMoFiT mean-pool over tokens (dimension 226)
feat_1027,float,,MolPMoFiT mean-pool over tokens (dimension 227)
feat_1028,float,,MolPMoFiT mean-pool over tokens (dimension 228)
feat_1029,float,,MolPMoFiT mean-pool over tokens (dimension 229)
feat_1030,float,,MolPMoFiT mean-pool over tokens (dimension 230)
feat_1031,float,,MolPMoFiT mean-pool over tokens (dimension 231)
feat_1032,float,,MolPMoFiT mean-pool over tokens (dimension 232)
feat_1033,float,,MolPMoFiT mean-pool over tokens (dimension 233)
feat_1034,float,,MolPMoFiT mean-pool over tokens (dimension 234)
feat_1035,float,,MolPMoFiT mean-pool over tokens (dimension 235)
feat_1036,float,,MolPMoFiT mean-pool over tokens (dimension 236)
feat_1037,float,,MolPMoFiT mean-pool over tokens (dimension 237)
feat_1038,float,,MolPMoFiT mean-pool over tokens (dimension 238)
feat_1039,float,,MolPMoFiT mean-pool over tokens (dimension 239)
feat_1040,float,,MolPMoFiT mean-pool over tokens (dimension 240)
feat_1041,float,,MolPMoFiT mean-pool over tokens (dimension 241)
feat_1042,float,,MolPMoFiT mean-pool over tokens (dimension 242)
feat_1043,float,,MolPMoFiT mean-pool over tokens (dimension 243)
feat_1044,float,,MolPMoFiT mean-pool over tokens (dimension 244)
feat_1045,float,,MolPMoFiT mean-pool over tokens (dimension 245)
feat_1046,float,,MolPMoFiT mean-pool over tokens (dimension 246)
feat_1047,float,,MolPMoFiT mean-pool over tokens (dimension 247)
feat_1048,float,,MolPMoFiT mean-pool over tokens (dimension 248)
feat_1049,float,,MolPMoFiT mean-pool over tokens (dimension 249)
feat_1050,float,,MolPMoFiT mean-pool over tokens (dimension 250)
feat_1051,float,,MolPMoFiT mean-pool over tokens (dimension 251)
feat_1052,float,,MolPMoFiT mean-pool over tokens (dimension 252)
feat_1053,float,,MolPMoFiT mean-pool over tokens (dimension 253)
feat_1054,float,,MolPMoFiT mean-pool over tokens (dimension 254)
feat_1055,float,,MolPMoFiT mean-pool over tokens (dimension 255)
feat_1056,float,,MolPMoFiT mean-pool over tokens (dimension 256)
feat_1057,float,,MolPMoFiT mean-pool over tokens (dimension 257)
feat_1058,float,,MolPMoFiT mean-pool over tokens (dimension 258)
feat_1059,float,,MolPMoFiT mean-pool over tokens (dimension 259)
feat_1060,float,,MolPMoFiT mean-pool over tokens (dimension 260)
feat_1061,float,,MolPMoFiT mean-pool over tokens (dimension 261)
feat_1062,float,,MolPMoFiT mean-pool over tokens (dimension 262)
feat_1063,float,,MolPMoFiT mean-pool over tokens (dimension 263)
feat_1064,float,,MolPMoFiT mean-pool over tokens (dimension 264)
feat_1065,float,,MolPMoFiT mean-pool over tokens (dimension 265)
feat_1066,float,,MolPMoFiT mean-pool over tokens (dimension 266)
feat_1067,float,,MolPMoFiT mean-pool over tokens (dimension 267)
feat_1068,float,,MolPMoFiT mean-pool over tokens (dimension 268)
feat_1069,float,,MolPMoFiT mean-pool over tokens (dimension 269)
feat_1070,float,,MolPMoFiT mean-pool over tokens (dimension 270)
feat_1071,float,,MolPMoFiT mean-pool over tokens (dimension 271)
feat_1072,float,,MolPMoFiT mean-pool over tokens (dimension 272)
feat_1073,float,,MolPMoFiT mean-pool over tokens (dimension 273)
feat_1074,float,,MolPMoFiT mean-pool over tokens (dimension 274)
feat_1075,float,,MolPMoFiT mean-pool over tokens (dimension 275)
feat_1076,float,,MolPMoFiT mean-pool over tokens (dimension 276)
feat_1077,float,,MolPMoFiT mean-pool over tokens (dimension 277)
feat_1078,float,,MolPMoFiT mean-pool over tokens (dimension 278)
feat_1079,float,,MolPMoFiT mean-pool over tokens (dimension 279)
feat_1080,float,,MolPMoFiT mean-pool over tokens (dimension 280)
feat_1081,float,,MolPMoFiT mean-pool over tokens (dimension 281)
feat_1082,float,,MolPMoFiT mean-pool over tokens (dimension 282)
feat_1083,float,,MolPMoFiT mean-pool over tokens (dimension 283)
feat_1084,float,,MolPMoFiT mean-pool over tokens (dimension 284)
feat_1085,float,,MolPMoFiT mean-pool over tokens (dimension 285)
feat_1086,float,,MolPMoFiT mean-pool over tokens (dimension 286)
feat_1087,float,,MolPMoFiT mean-pool over tokens (dimension 287)
feat_1088,float,,MolPMoFiT mean-pool over tokens (dimension 288)
feat_1089,float,,MolPMoFiT mean-pool over tokens (dimension 289)
feat_1090,float,,MolPMoFiT mean-pool over tokens (dimension 290)
feat_1091,float,,MolPMoFiT mean-pool over tokens (dimension 291)
feat_1092,float,,MolPMoFiT mean-pool over tokens (dimension 292)
feat_1093,float,,MolPMoFiT mean-pool over tokens (dimension 293)
feat_1094,float,,MolPMoFiT mean-pool over tokens (dimension 294)
feat_1095,float,,MolPMoFiT mean-pool over tokens (dimension 295)
feat_1096,float,,MolPMoFiT mean-pool over tokens (dimension 296)
feat_1097,float,,MolPMoFiT mean-pool over tokens (dimension 297)
feat_1098,float,,MolPMoFiT mean-pool over tokens (dimension 298)
feat_1099,float,,MolPMoFiT mean-pool over tokens (dimension 299)
feat_1100,float,,MolPMoFiT mean-pool over tokens (dimension 300)
feat_1101,float,,MolPMoFiT mean-pool over tokens (dimension 301)
feat_1102,float,,MolPMoFiT mean-pool over tokens (dimension 302)
feat_1103,float,,MolPMoFiT mean-pool over tokens (dimension 303)
feat_1104,float,,MolPMoFiT mean-pool over tokens (dimension 304)
feat_1105,float,,MolPMoFiT mean-pool over tokens (dimension 305)
feat_1106,float,,MolPMoFiT mean-pool over tokens (dimension 306)
feat_1107,float,,MolPMoFiT mean-pool over tokens (dimension 307)
feat_1108,float,,MolPMoFiT mean-pool over tokens (dimension 308)
feat_1109,float,,MolPMoFiT mean-pool over tokens (dimension 309)
feat_1110,float,,MolPMoFiT mean-pool over tokens (dimension 310)
feat_1111,float,,MolPMoFiT mean-pool over tokens (dimension 311)
feat_1112,float,,MolPMoFiT mean-pool over tokens (dimension 312)
feat_1113,float,,MolPMoFiT mean-pool over tokens (dimension 313)
feat_1114,float,,MolPMoFiT mean-pool over tokens (dimension 314)
feat_1115,float,,MolPMoFiT mean-pool over tokens (dimension 315)
feat_1116,float,,MolPMoFiT mean-pool over tokens (dimension 316)
feat_1117,float,,MolPMoFiT mean-pool over tokens (dimension 317)
feat_1118,float,,MolPMoFiT mean-pool over tokens (dimension 318)
feat_1119,float,,MolPMoFiT mean-pool over tokens (dimension 319)
feat_1120,float,,MolPMoFiT mean-pool over tokens (dimension 320)
feat_1121,float,,MolPMoFiT mean-pool over tokens (dimension 321)
feat_1122,float,,MolPMoFiT mean-pool over tokens (dimension 322)
feat_1123,float,,MolPMoFiT mean-pool over tokens (dimension 323)
feat_1124,float,,MolPMoFiT mean-pool over tokens (dimension 324)
feat_1125,float,,MolPMoFiT mean-pool over tokens (dimension 325)
feat_1126,float,,MolPMoFiT mean-pool over tokens (dimension 326)
feat_1127,float,,MolPMoFiT mean-pool over tokens (dimension 327)
feat_1128,float,,MolPMoFiT mean-pool over tokens (dimension 328)
feat_1129,float,,MolPMoFiT mean-pool over tokens (dimension 329)
feat_1130,float,,MolPMoFiT mean-pool over tokens (dimension 330)
feat_1131,float,,MolPMoFiT mean-pool over tokens (dimension 331)
feat_1132,float,,MolPMoFiT mean-pool over tokens (dimension 332)
feat_1133,float,,MolPMoFiT mean-pool over tokens (dimension 333)
feat_1134,float,,MolPMoFiT mean-pool over tokens (dimension 334)
feat_1135,float,,MolPMoFiT mean-pool over tokens (dimension 335)
feat_1136,float,,MolPMoFiT mean-pool over tokens (dimension 336)
feat_1137,float,,MolPMoFiT mean-pool over tokens (dimension 337)
feat_1138,float,,MolPMoFiT mean-pool over tokens (dimension 338)
feat_1139,float,,MolPMoFiT mean-pool over tokens (dimension 339)
feat_1140,float,,MolPMoFiT mean-pool over tokens (dimension 340)
feat_1141,float,,MolPMoFiT mean-pool over tokens (dimension 341)
feat_1142,float,,MolPMoFiT mean-pool over tokens (dimension 342)
feat_1143,float,,MolPMoFiT mean-pool over tokens (dimension 343)
feat_1144,float,,MolPMoFiT mean-pool over tokens (dimension 344)
feat_1145,float,,MolPMoFiT mean-pool over tokens (dimension 345)
feat_1146,float,,MolPMoFiT mean-pool over tokens (dimension 346)
feat_1147,float,,MolPMoFiT mean-pool over tokens (dimension 347)
feat_1148,float,,MolPMoFiT mean-pool over tokens (dimension 348)
feat_1149,float,,MolPMoFiT mean-pool over tokens (dimension 349)
feat_1150,float,,MolPMoFiT mean-pool over tokens (dimension 350)
feat_1151,float,,MolPMoFiT mean-pool over tokens (dimension 351)
feat_1152,float,,MolPMoFiT mean-pool over tokens (dimension 352)
feat_1153,float,,MolPMoFiT mean-pool over tokens (dimension 353)
feat_1154,float,,MolPMoFiT mean-pool over tokens (dimension 354)
feat_1155,float,,MolPMoFiT mean-pool over tokens (dimension 355)
feat_1156,float,,MolPMoFiT mean-pool over tokens (dimension 356)
feat_1157,float,,MolPMoFiT mean-pool over tokens (dimension 357)
feat_1158,float,,MolPMoFiT mean-pool over tokens (dimension 358)
feat_1159,float,,MolPMoFiT mean-pool over tokens (dimension 359)
feat_1160,float,,MolPMoFiT mean-pool over tokens (dimension 360)
feat_1161,float,,MolPMoFiT mean-pool over tokens (dimension 361)
feat_1162,float,,MolPMoFiT mean-pool over tokens (dimension 362)
feat_1163,float,,MolPMoFiT mean-pool over tokens (dimension 363)
feat_1164,float,,MolPMoFiT mean-pool over tokens (dimension 364)
feat_1165,float,,MolPMoFiT mean-pool over tokens (dimension 365)
feat_1166,float,,MolPMoFiT mean-pool over tokens (dimension 366)
feat_1167,float,,MolPMoFiT mean-pool over tokens (dimension 367)
feat_1168,float,,MolPMoFiT mean-pool over tokens (dimension 368)
feat_1169,float,,MolPMoFiT mean-pool over tokens (dimension 369)
feat_1170,float,,MolPMoFiT mean-pool over tokens (dimension 370)
feat_1171,float,,MolPMoFiT mean-pool over tokens (dimension 371)
feat_1172,float,,MolPMoFiT mean-pool over tokens (dimension 372)
feat_1173,float,,MolPMoFiT mean-pool over tokens (dimension 373)
feat_1174,float,,MolPMoFiT mean-pool over tokens (dimension 374)
feat_1175,float,,MolPMoFiT mean-pool over tokens (dimension 375)
feat_1176,float,,MolPMoFiT mean-pool over tokens (dimension 376)
feat_1177,float,,MolPMoFiT mean-pool over tokens (dimension 377)
feat_1178,float,,MolPMoFiT mean-pool over tokens (dimension 378)
feat_1179,float,,MolPMoFiT mean-pool over tokens (dimension 379)
feat_1180,float,,MolPMoFiT mean-pool over tokens (dimension 380)
feat_1181,float,,MolPMoFiT mean-pool over tokens (dimension 381)
feat_1182,float,,MolPMoFiT mean-pool over tokens (dimension 382)
feat_1183,float,,MolPMoFiT mean-pool over tokens (dimension 383)
feat_1184,float,,MolPMoFiT mean-pool over tokens (dimension 384)
feat_1185,float,,MolPMoFiT mean-pool over tokens (dimension 385)
feat_1186,float,,MolPMoFiT mean-pool over tokens (dimension 386)
feat_1187,float,,MolPMoFiT mean-pool over tokens (dimension 387)
feat_1188,float,,MolPMoFiT mean-pool over tokens (dimension 388)
feat_1189,float,,MolPMoFiT mean-pool over tokens (dimension 389)
feat_1190,float,,MolPMoFiT mean-pool over tokens (dimension 390)
feat_1191,float,,MolPMoFiT mean-pool over tokens (dimension 391)
feat_1192,float,,MolPMoFiT mean-pool over tokens (dimension 392)
feat_1193,float,,MolPMoFiT mean-pool over tokens (dimension 393)
feat_1194,float,,MolPMoFiT mean-pool over tokens (dimension 394)
feat_1195,float,,MolPMoFiT mean-pool over tokens (dimension 395)
feat_1196,float,,MolPMoFiT mean-pool over tokens (dimension 396)
feat_1197,float,,MolPMoFiT mean-pool over tokens (dimension 397)
feat_1198,float,,MolPMoFiT mean-pool over tokens (dimension 398)
feat_1199,float,,MolPMoFiT mean-pool over tokens (dimension 399)
